timestamp,entityType,entityId,action,actorRole,actorUserId,metadata
2026-04-05T09:45:17.072Z,auth,69cd7592b881e9613e0e1949,login,admin,69cd7592b881e9613e0e1949,{"email":"admin@honeytrace.gov"}
2026-04-04T16:32:21.869Z,batch,HT-20260404-010,trace_viewed,consumer,public,{"tamperProof":true;"onChain":true}
2026-04-04T16:30:05.318Z,batch,HT-20260404-010,trace_viewed,consumer,public,{"tamperProof":true;"onChain":true}
2026-04-04T16:26:19.919Z,batch,HT-20260404-010,trace_viewed,consumer,public,{"tamperProof":true;"onChain":true}
2026-04-04T16:21:55.793Z,batch,HT-20260404-010,trace_viewed,consumer,public,{"tamperProof":true;"onChain":true}
2026-04-04T16:20:35.087Z,batch,HT-20260404-010,trace_viewed,consumer,public,{"tamperProof":true;"onChain":true}
2026-04-04T16:13:57.466Z,batch,HT-20260404-010,trace_viewed,consumer,public,{"tamperProof":false;"onChain":true}
2026-04-04T16:13:56.386Z,auth,69d138c41636c4812706471c,login,consumer,69d138c41636c4812706471c,{"email":"consumer@test.com"}
2026-04-04T16:12:26.278Z,batch,HT-20260404-010,patch,officer,69d138611636c48127064712,{"before":{"batchId":"HT-20260404-010";"farmerId":"69d12981ac93ecf75eb862ef";"farmerName":"Ravi Kumar";"floraType":"Litchi";"weightKg":85;"moisturePct":16;"latitude":"25.61";"longitude":"85.14";"grade":"A";"harvestDate":"2026-04-04T00:00:00.000Z";"status":"certified";"createdAt":"2026-04-04T15:38:30.022Z";"updatedAt":"2026-04-04T16:11:28.541Z";"onChainDataHash":"0x011f2a9f9e0346cdf46009b93b78edd021a4116edd3f37474d771d45f640e2b3";"onChainTxHash":"0x3aba2a507fa8e1a1f39190f08b9c07105342be3e67ba2d10e2cd40b746660cc3";"payloadHash":"1814cce18ff150129d4a7bba1a99e972466449fc9ab8f0ac7d176b3e5bb47a9f"};"after":{"status":"dispatched"};"chainAnchored":true}
2026-04-04T16:12:18.313Z,auth,69d138611636c48127064712,login,officer,69d138611636c48127064712,{"email":"officer@test.com"}
2026-04-04T16:11:28.590Z,lab,HT-20260404-010,publish,lab,69d1326374211fa653000007,{"labId":"LAB-FSSAI-001";"fssaiLicense":"FSSAI-12345678"}
2026-04-04T16:07:45.348Z,auth,69d1326374211fa653000007,login,lab,69d1326374211fa653000007,{"email":"lab@test.com"}
2026-04-04T15:46:43.900Z,auth,69d1326374211fa653000007,login,lab,69d1326374211fa653000007,{"email":"lab@test.com"}
2026-04-04T15:44:52.773Z,batch,HT-20260404-010,patch,warehouse,69d130bf3cb2d7818430ac17,{"before":{"batchId":"HT-20260404-010";"farmerId":"69d12981ac93ecf75eb862ef";"farmerName":"Ravi Kumar";"floraType":"Litchi";"weightKg":85;"moisturePct":16;"latitude":"25.61";"longitude":"85.14";"grade":"A";"harvestDate":"2026-04-04T00:00:00.000Z";"status":"pending";"createdAt":"2026-04-04T15:38:30.022Z";"updatedAt":"2026-04-04T15:38:30.247Z";"onChainDataHash":"0x011f2a9f9e0346cdf46009b93b78edd021a4116edd3f37474d771d45f640e2b3";"onChainTxHash":"0x3aba2a507fa8e1a1f39190f08b9c07105342be3e67ba2d10e2cd40b746660cc3";"payloadHash":"1814cce18ff150129d4a7bba1a99e972466449fc9ab8f0ac7d176b3e5bb47a9f"};"after":{"status":"in_warehouse"};"chainAnchored":true}
2026-04-04T15:44:51.055Z,auth,69d130bf3cb2d7818430ac17,login,warehouse,69d130bf3cb2d7818430ac17,{"email":"godown@test.com"}
2026-04-04T15:40:35.064Z,auth,69d130bf3cb2d7818430ac17,login,warehouse,69d130bf3cb2d7818430ac17,{"email":"godown@test.com"}
2026-04-04T15:38:57.273Z,batch,HT-20260404-010,trace_viewed,consumer,public,{"tamperProof":true;"onChain":true}
2026-04-04T15:38:30.285Z,batch,HT-20260404-010,create,farmer,69d12981ac93ecf75eb862ef,{"farmerId":"69d12981ac93ecf75eb862ef"}
2026-04-04T15:26:19.244Z,batch,HT-20260404-006,trace_viewed,consumer,public,{"tamperProof":false;"onChain":true}
2026-04-04T15:20:17.049Z,batch,HT-20260404-006,trace_viewed,consumer,public,{"tamperProof":false;"onChain":false}
2026-04-04T15:17:42.206Z,batch,HT-20260404-006,create,farmer,69d12981ac93ecf75eb862ef,{"farmerId":"69d12981ac93ecf75eb862ef"}
2026-04-01T19:45:01.861Z,batch,HT-20260402-001,trace_viewed,consumer,public,{"tamperProof":false;"onChain":false}
2026-03-30T18:24:46.062Z,user,69c91edfd3cd560bf8dbe08f,aadhaar_otp_verified,farmer,69c91edfd3cd560bf8dbe08f,{"aadhaarSuffix":"0123"}
2026-03-30T18:19:25.146Z,user,69c91edfd3cd560bf8dbe08f,aadhaar_otp_verified,farmer,69c91edfd3cd560bf8dbe08f,{"aadhaarSuffix":"0123"}
2026-03-30T18:06:38.953Z,auth,69c91edfd3cd560bf8dbe08f,login,farmer,69c91edfd3cd560bf8dbe08f,{"email":"farmer@honeytrace.gov"}
2026-03-30T18:04:27.478Z,auth,69c91edfd3cd560bf8dbe08f,login,farmer,69c91edfd3cd560bf8dbe08f,{"email":"farmer@honeytrace.gov"}